Gene,293T (Control#1),293T (CAS9 + gRNA library only),293T (Control#1) - Total Read Count,293T (CAS9 + gRNA library only) - Total Read Count
ABCC8_chr11_17483303,0,0.068568294,2511,7292
ABCC9_chr12_22068672,0,0,3194,9162
ABI1_chr10_27066055,0,1.300487381,15543,41446
ABL1_chr9_133710887,0.067204301,0.178571429,2976,7280
ABL2_chr1_179086468,0,1.159525319,4230,11039
ACKR2_chr3_42906210,0,0.059189109,3670,10137
ACKR3_chr2_237489282,0,0.926879506,1829,4855
ACSL3_chr2_223783789,0,0.672196796,2515,6992
ACSL6_chr5_131326586,0,1.235033468,3638,10607
ACVR1_chr2_158636893,0,6.263396047,1722,4199
ACVR1B_chr12_52369155,0.037544584,0.912832024,5327,13365
ACVR1C_chr2_158412719,0,0.945829751,1558,4652
ACVR2A_chr2_148653939,0,0.332520505,1811,4511
ACVR2B_chr3_38519728,0,0.526819923,713,2088
ACVRL1_chr12_52307061,0,2.148050231,1099,3026
ADCYAP1R1_chr7_31102886,0,0.295937584,4324,11151
ADORA1_chr1_203098271,0,1.132300358,1228,3356
ADORA2A_chr22_24829384,0,1.633410965,13550,31774
ADORA2B_chr17_15848574,0,3.38178582,2463,6742
ADORA3_chr1_112045892,0.145932142,0.148008611,2741,7432
ADRA1A_chr8_26722416,0.081221572,0.531076744,6156,17135
ADRA1B_chr5_159343913,0.091282519,0.423654016,2191,5665
ADRA1D_chr20_4229574,0,1.280198224,1876,4843
ADRA2A_chr10_112837973,0,0.948393712,4122,11704
ADRA2B_chr2_96781529,0,0.743403815,5937,16411
ADRA2C_chr4_3768454,0,2.038425492,1537,4268
ADRB1_chr10_115803924,0,1.243853052,1309,3457
ADRB2_chr5_148206433,0,0.688416642,1149,3341
ADRB3_chr8_37823784,0.036029544,0.891861761,5551,14352
AFF1_chr4_87968234,0,1.672535211,1449,3408
AFF3_chr2_100623259,0,1.203416149,1116,2576
AFF4_chr5_132269971,0,0.608571799,2505,7723
AGTR1_chr3_148459082,0,0.456857167,4448,11601
AGTR2_chrX_115303577,0,1.34196022,1675,4173
AKAP9_chr7_91630467,0,0.194439043,2509,5143
AKT1_chr14_105258956,0.096618357,0.633602797,2070,4577
AKT2_chr19_40748543,0,0.4276226,5102,10991
ALDH2_chr12_112219774,0,0.629632937,7898,22394
ALK_chr2_30143323,0,2.208006603,4272,9692
AMER1_chrX_63412627,0,0.094562648,722,2115
AMHR2_chr12_53819239,0,4.07740152,1798,4341
APC_chr5_112043415,0.069589422,0.461775269,2874,7796
APLNR_chr11_57004206,0,0.258738084,7601,22030
AQP1_chr7_30951644,0,0.496921249,14931,37028
AQP11_chr11_77301334,0,1.805674979,603,1163
AQP2_chr12_50344858,0,2.487040596,6115,17169
AQP3_chr9_33447469,0,0.75444147,1678,4109
AQP4_chr18_24442378,0,0.179073932,1104,3909
AQP5_chr12_50355890,0,0.250744397,4959,12762
AQP6_chr12_50367207,0,1.117063718,3703,8773
AQP8_chr16_25228592,0,1.168105637,573,1969
AR_chrX_66765069,0,0.247785418,5710,16143
ARHGAP26_chr5_142150335,0,1.07640727,1924,5667
ARHGEF12_chr11_120298841,0,0.349206349,1261,3150
ARID1A_chr1_27023186,0,1.039411,871,2309
ARNT_chr1_150830829,0.079082641,0.412857564,2529,6782
ASIC1_chr12_50452585,0,3.017972194,1322,2949
ASIC2_chr17_32483445,0,1.11629795,1848,4927
ASIC3_chr7_150746033,0,1.010665921,9700,25033
ASIC4_chr2_220379188,0,0.907289603,3604,9589
ASIC5_chr4_156784776,0,0.287218765,848,2089
ASPSCR1_chr17_79935570,0.034746352,1.772319947,5756,15065
ASXL1_chr20_31017717,0,0.389882084,3517,10516
ATF1_chr12_51203342,0,0.739910314,1419,4460
ATIC_chr2_216177226,0,0.150715901,463,1327
ATM_chr11_108098387,0,0,223,574
ATRX_chrX_76939487,0,0,998,3100
AVPR1A_chr12_63544475,0,0.307692308,3214,10075
AVPR1B_chr1_206224578,0,1.172888237,3186,8867
AVPR2_chrX_153171258,0,0.154394299,3030,8420
AXIN1_chr16_396971,0,1.716500554,6961,16254
AXL_chr19_41737159,0,1.056338028,1842,4828
BAI1_chr8_143545709,0,1.039802267,5031,11733
BAI2_chr1_32222183,0,1.696469509,871,2181
BAI3_chr6_69665954,0,0.337600225,5775,14218
BCL11A_chr2_60773135,0,0.082610492,818,2421
BCL11B_chr14_99724132,0,0.27835769,1859,5748
BCL2_chr18_60985591,0,1.662049862,352,722
BCL3_chr19_45259572,0,1.834862385,1473,3924
BCL6_chr3_187451455,0.063959066,1.333841463,3127,7872
BCL7A_chr12_122460008,0,3.105263158,857,1900
BCL9_chr1_147091035,0,0.633540373,3280,8050
BCOR_chrX_39937147,0.057962614,0.987983979,6901,18725
BCR_chr22_23523150,0,1.704035874,1538,4460
BDKRB1_chr14_96730211,0,1.578354002,2018,5322
BDKRB2_chr14_96707280,0,0.602651667,2816,7467
BIRC3_chr11_102195778,0,1.869585043,1991,4386
BLM_chr15_91304359,0,1.708542714,1667,3980
BMPR1B_chr4_96044967,0,1.063563564,3165,7992
BMPR2_chr2_203383545,0.128452152,0.262812089,3114,7610
BRCA1_chr17_41243789,0,0,1016,2993
BRD3_chr9_136918569,0,4.062229905,444,1157
BRD4_chr19_15376421,0,0.125156446,1104,3196
BRIP1_chr17_59886040,0,0.206978119,1249,3382
BUB1B_chr15_40457309,0,0.516173434,4292,11624
C2orf44_chr2_24262291,0,2.076802508,5515,15312
C3AR1_chr12_8212224,0,1.675213675,1149,2925
C5AR1_chr19_47823234,0,0.653731719,7444,23863
C5AR2_chr19_47844066,0,0.269784173,1637,5560
CACNA1A_chr19_13617011,0,0.729927007,1439,4247
CACNA1B_chr9_140772391,0,0.595647194,1745,4365
CACNA1C_chr12_2224421,0,0,912,2235
CACNA1E_chr1_181452990,0,2.892249527,4158,10580
CACNA1F_chrX_49088261,0,0.467051011,5006,13703
CACNA1G_chr17_48646234,0,0.431406385,809,2318
CACNA1H_chr16_1203966,0.082406263,0.176366843,2427,6804
CACNA1I_chr22_39994213,0,1.521933751,912,2234
CACNA1S_chr1_201061149,0,0.326264274,1149,3678
CACNA2D1_chr7_81714089,0,1.64305949,738,1765
CACNA2D2_chr3_50513579,0,0.430239705,720,1627
CACNA2D3_chr3_54157580,0,0.460735822,5997,14759
CACNA2D4_chr12_2024075,0,0.028893383,7550,20766
CACNB1_chr17_37347735,0,5.269211415,5949,13911
CACNB3_chr12_49212716,0.04519774,0.803998262,4425,13806
CACNB4_chr2_152955497,0.09765625,1.860932981,3072,7953
CACNG1_chr17_65040944,0,2.298850575,712,2001
CACNG2_chr22_37098562,0.156862745,0.748580279,1275,3874
CACNG4_chr17_65021067,0,1.807549176,707,1881
CACNG5_chr17_64873516,0,3.707544724,1715,3857
CACNG6_chr19_54496269,0,0.391964723,1420,4082
CACNG7_chr19_54417755,0,4.935526901,991,2249
CACNG8_chr19_54483196,0,1.814734561,1720,3692
CANT1_chr17_76993385,0,0.281485517,3997,11013
CARD11_chr7_2987320,0,1.0906298,2394,6510
CARS_chr11_3062141,0,0.027517887,2714,7268
CASC5_chr15_40914351,0,0.113708149,2845,7915
CASR_chr3_121980478,0,1.12605042,2495,5950
CBFA2T3_chr16_88968014,0,4.336947456,1002,2398
CBFB_chr16_67063314,0,1.638104839,1376,3968
CBL_chr11_119144587,0,0.45379538,1615,4848
CBLB_chr3_105586350,0,0.123127437,1627,4873
CBLC_chr19_45281274,0.158982512,0.782818145,1887,4982
CCDC6_chr10_61666004,0,0.859598854,1322,3490
CCKAR_chr4_26491051,0,0.825183374,2504,6544
CCKBR_chr11_6281179,0,0.739581852,2758,7031
CCND1_chr11_69456116,0.016891892,1.789161611,11840,29008
CCND2_chr12_4383221,0,0.430338892,2587,7436
CCND3_chr6_41909270,0,1.073910297,2035,6332
CCR1_chr3_46245615,0,0.240506329,2627,7900
CCR10_chr17_40832562,0.116618076,1.277302337,3430,7829
CCR2_chr3_46399020,0,0.344126388,2395,6393
CCR3_chr3_46307210,0,0.587412587,1335,3575
CCR4_chr3_32995099,0,1.695230999,2188,5368
CCR6_chr6_167549852,0,1.522070015,548,1314
CCR7_chr17_38711954,0.020962163,0.073556455,9541,27190
CCR9_chr3_45942451,0,0.097118809,2200,6178
CCRL2_chr3_46449576,0,1.835664336,594,1144
CD27_chr12_6559446,0,1.834504294,4872,10248
CD274_chr9_5457360,0.052042675,0.602019079,3843,10797
CD74_chr5_149786858,0,0.936402653,1050,2563
CD79A_chr19_42383165,0,1.470292044,4576,9930
CD79B_chr17_62007723,0,0.312360553,4617,11205
CD97_chr19_14512258,0,0.838658147,1891,5008
CDC73_chr1_193091351,0,0.72262368,1161,3598
CDH1_chr16_68772250,0,0.511261572,2293,7237
CDH11_chr16_65038550,0,0.729749453,2937,8222
CDK12_chr17_37618378,0,0.068019499,3203,8821
CDK4_chr12_58145086,0,0.269590223,2206,5564
CDK6_chr7_92462589,0,7.117248705,2793,7531
CDKN2A_chr9_21994268,0,1.485976396,7557,20929
CDX2_chr13_28543053,0,0.735662933,5134,11962
CEBPA_chr19_33793296,0,3.042328042,344,756
CELSR1_chr22_46932910,0,0.524957736,3717,11239
CELSR2_chr1_109792797,0,1.321537789,4269,9156
CELSR3_chr3_48699903,0,1.178707224,4383,10520
CFTR_chr7_117149122,0,0.037327361,2259,5358
CHEK2_chr22_29130560,0,1.390820584,1032,2876
CHIC2_chr4_54930386,0,1.297485286,2417,7476
CHN1_chr2_175711766,0,0.731359258,1834,5606
CHRM1_chr11_62678311,0,0.985428242,3111,9539
CHRM2_chr7_136700625,0,0.435571688,2077,5510
CHRM3_chr1_240070910,0,0.410230113,5891,15601
CHRM4_chr11_46408042,0,3.224351747,1961,4435
CHRM5_chr15_34354937,0,0.348128808,751,2298
CHRNA1_chr2_175624323,0,0.668896321,1093,3289
CHRNA10_chr11_3690509,0,0.556637907,1373,3593
CHRNA2_chr8_27327343,0,0.919589393,2029,4676
CHRNA3_chr15_78911168,0,4.174852652,1393,4072
CHRNA4_chr20_61990969,0,0.878003697,689,2164
CHRNA5_chr15_78882209,0,0.270785277,4128,9971
CHRNA6_chr8_42620246,0,1.136582547,2229,5191
CHRNA9_chr4_40339265,0,0.726759952,37,237
CHRNB1_chr17_7348646,0,0.720180045,3397,9219
CHRNB2_chr1_154543833,0,1.986218079,4725,13330
CHRNB3_chr8_42585748,0,2.655728587,1056,2467
CHRNB4_chr15_78923501,0,0.784955029,3306,7192
CHRND_chr2_233391300,0,2.622662818,2387,6115
CHRNE_chr17_4805588,0,3.559547572,3469,7969
CHRNG_chr2_233404760,0,0.792815113,1109,3006
CIC_chr19_42793464,0,0.144660705,6043,16145
CIITA_chr16_10995926,0,1.514823631,5381,15208
CLCA1_chr1_86948011,0,0.650195059,4052,9242
CLCA2_chr1_86905867,0,3.592666006,276,769
CLCA4_chr1_87033271,0,0.201793722,1775,4036
CLCN1_chr7_143013384,0,0.953137411,1258,4460
CLCN2_chr3_184079212,0,1.074777041,1495,3777
CLCN3_chr4_170581536,0.264550265,0,1779,4373
CLCN4_chrX_10153135,0,0.134408602,756,1604
CLCN5_chrX_49806995,0,0.943636827,807,2232
CLCN6_chr1_11883772,0,1.082564611,1564,3921
CLCN7_chr16_1515311,0,0.070944348,5657,13117
CLIC1_chr6_31698685,0,0.967530338,4666,12686
CLIC3_chr9_139890113,0,1.813544914,5592,12196
CLIC5_chr6_45922956,0,3.24300311,1601,3529
CLIC6_chr21_36041838,0.108725197,0.49250301,989,2251
CLP1_chr11_57427281,0,0.701754386,3679,9137
CLTCL1_chr22_19263203,0,0.357702862,794,1710
CMKLR1_chr12_108686085,0,2.254510852,257,519
CNGA1_chr4_47938824,0,0.27697762,7981,20408
CNGA2_chrX_150911917,0,0.086092197,10990,27323
CNGA3_chr2_98994171,0,0.249625562,2746,9026
CNGA4_chr11_6261341,0,1.401273885,4539,12777
CNGB1_chr16_58001058,0,1.463414634,1436,4006
CNGB3_chr8_87680282,0,0.051473427,1402,3140
CNOT3_chr19_54647978,0,2.156057495,219,615
CNR1_chr6_88854441,0.667556742,2.053856686,2784,7771
CNR2_chr1_24201910,0,1.428065023,303,974
CNTFR_chr9_34564803,0,1.66520596,749,2191
CNTRL_chr9_123902987,0,0.021663778,8161,19747
COL1A1_chr17_48278809,0.021410984,1.008994202,561,1141
COX6C_chr8_100904180,0,0.186219739,3503,9232
CREB1_chr2_208424986,0,0.846113168,9341,21903
CREB3L1_chr11_46299668,0,0.436152169,102,1074
CREBBP_chr16_3929838,0,1.151012891,536,1891
CRHR1_chr17_43912034,0,0.226654578,4928,12381
CRHR2_chr7_30721551,0,0.273348519,1786,4344
CRTC1_chr19_18882255,0,0.939214859,966,2206
CRTC3_chr15_91083300,0,0.037418148,1490,4390
CSF1R_chr5_149460507,0,2.081665332,3411,9476
CSF2RB_chr22_37325741,0,0.719602978,1996,5345
CSF3R_chr1_36938254,0,3.628745917,2744,7494
CTNNB1_chr3_41266954,0,0.145205864,6526,16120
CXCR3_chrX_70837413,0,0.766509434,5665,14082
CXCR4_chr2_136873192,0.039138943,0.668946038,8860,21349
CXCR5_chr11_118754656,0,0.137835975,755,1696
CXCR6_chr3_45988493,0,3.601108033,5110,13454
CYLD_chr16_50783723,0.060957025,0.212636695,504,1451
CYSLTR1_chrX_77529187,0,1.927194861,366,722
CYSLTR2_chr13_49281652,0,0.599315068,3281,9876
DARC_chr1_159175579,0,0.226267613,6410,14477
DDB2_chr11_47236722,0,1.408450704,458,1168
DDR2_chr1_162729604,0,0.2842832,3399,9723
DDX5_chr17_62502206,0,1.243538842,3482,9301
DEK_chr6_18250048,0.109229929,0.051156129,2475,7387
DICER1_chr14_95596403,0,0,4676,13349
DNM2_chr19_10828974,0,0.486026731,3662,9774
DNTTIP1_chr20_44424002,0,0.525854514,694,2197
EBF1_chr5_158523386,0,0.680747076,1641,4115
ECT2L_chr6_139164128,0,0.503693754,68,130
EDAR_chr2_109546671,0,2.75042037,1009,2282
EDNRA_chr4_148461533,0,0.469043152,2194,5729
EDNRB_chr13_78493656,0,0.419412822,1961,2978
EGF_chr4_110866249,0.568181818,0.377358491,3486,8326
EGFR_chr7_55086971,0,0.901378579,2285,5330
ELK4_chr1_205589569,0,1.341235184,5088,13352
ELL_chr19_18632793,0,0.913107511,528,1325
EML4_chr2_42490378,0,0.045060268,821,1886
EMR3_chr19_14772891,0,0.458204334,1240,3206
EP300_chr22_41489011,0,0.261780105,2584,6790
EPHA1_chr7_143098593,0,0.221863655,2610,8877
EPHA2_chr1_16475317,0,1.0769498,9909,24225
EPHA3_chr3_89156935,0,0.81799591,264,764
EPHA4_chr2_222429010,0,2.612244898,1549,4958
EPHA5_chr4_66509116,0,1.142170123,2176,5757
EPHA6_chr3_96533585,0,0.750773994,1100,2445
EPHA7_chr6_94120834,0,2.256097561,1362,3675
EPHA8_chr1_22902806,0,0.761266748,1271,3327
EPHB1_chr3_134670310,0,1.98915009,5354,12920
EPHB2_chr1_23110981,0,1.451065144,1725,4920
EPHB3_chr3_184290590,0,0.97260496,1055,3284
EPHB4_chr7_100421316,0,4.098703471,511,1659
EPHB6_chr7_142561404,0,1.43501435,1365,3239
EPOR_chr19_11492715,0,0.039798835,2575,6169
EPS15_chr1_51937374,0,0.420946287,3153,7173
ERBB2_chr17_37864711,0,0.441150521,3004,9756
ERBB3_chr12_56477568,0,1.962101868,9575,27639
ERBB4_chr2_213403206,0,1.125748503,2326,5939
ERC1_chr12_1137138,0.386847195,0.530503979,4446,11334
ERCC2_chr19_45873468,0.133749443,0.544773578,2754,7441
ERCC3_chr2_128051260,0.136239782,0.530973451,1567,4175
ERCC4_chr16_14014038,0,0.299593409,517,1508
ERG_chr21_39817476,0,0.446006217,4486,11748
ESR1_chr6_152129085,0,1.857585139,2202,6215
ESR2_chr14_64746818,0,0.440414508,1833,4673
ESRRB_chr14_76905811,0,0.10862481,67,316
ESRRG_chr1_216850646,0,0.366300366,2786,7399
ETV1_chr7_13975398,0,1.208127403,4337,11951
ETV4_chr17_41622707,0,1.25824766,1496,3860
ETV5_chr3_185783777,0,3.50631136,1687,4603
ETV6_chr12_12022434,0,0.165115581,1093,2730
EWSR1_chr22_29695707,0,3.400987383,679,1821
EXT1_chr8_119122970,0,2.418478261,2846,6517
EXT2_chr11_44117807,0,2.252832132,390,1426
EZH2_chr7_148523688,0,1.086817543,2324,6662
EZR_chr6_159208212,0,0.459887583,726,1823
F2R_chr5_76012160,0,0.687789799,1439,3680
F2RL2_chr5_75914407,0,2.503770739,3445,7768
F2RL3_chr19_17000067,0.071301248,2.199789061,3136,7821
FANCA_chr16_89882997,0,0.63583815,2188,5871
FANCC_chr9_97873772,0,1.142857143,4800,12940
FANCD2_chr3_10081494,0,1.01689612,1494,3315
FANCE_chr6_35420491,0,2.77324633,2805,6637
FANCF_chr11_22647249,0.021727322,8.109901779,3349,8650
FANCG_chr9_35079443,0,0.485436893,934,2450
FBXO11_chr2_48132833,0,2.239583333,8059,19176
FBXW7_chr4_153303456,0,0.093826234,296,613
FCRL4_chr1_157557180,0,2.225519288,9205,22602
FEV_chr2_219846915,0.036757949,2.355542003,1527,4738
FFAR1_chr19_35842484,0,1.037527594,802,1920
FFAR2_chr19_35940835,0,2.109139605,1820,5329
FFAR4_chr10_95326507,0,0.662353666,346,674
FGFR1_chr8_38275832,0,0.499311295,5441,13118
FGFR1OP_chr6_167416690,0,0,1396,4530
FGFR3_chr4_1803216,0,1.442585113,1123,2987
FGFR4_chr5_176517551,0,1.905784458,2169,6492
FH_chr1_241682912,0.036330609,0.303732976,2171,5808
FHIT_chr3_59999793,0,0.437342304,1242,3085
FIP1L1_chr4_54244017,0,1.355247982,632,1733
FLCN_chr17_17131408,0,1.569396763,3108,7451
FLI1_chr11_128628040,0,0.776340111,11010,30619
FLT1_chr13_29012380,0,0.474833808,2288,5945
FLT3_chr13_28674625,0,0.670731707,1367,3468
FLT4_chr5_180058732,0,0.104210088,1193,4078
FNBP1_chr9_132719710,0,2.040816327,1889,5410
FOXL2_chr3_138665352,0,1.038338658,1646,5265
FOXO1_chr13_41240184,0.045955882,0.510802789,1399,3280
FOXO4_chrX_70316416,0,1.895277867,1591,4798
FOXP1_chr3_71247439,0,4.462659381,396,1225
FPR2_chr19_52272336,0,5.729670026,4271,11268
FPR3_chr19_52327228,0,0.89633012,4352,14487
FSTL3_chr19_680276,0,1.196013289,3419,9339
FUBP1_chr1_78428479,0,0.055463117,365,1098
FUS_chr16_31195211,0,0.608499362,3329,7243
FZD1_chr7_90894214,0.075120192,0.968549958,2696,5913
FZD10_chr12_130647688,0,0.617805236,47,133
FZD2_chr17_42635373,0,1.35666882,2318,6020
FZD4_chr11_86665941,0,0.280504909,1280,3606
FZD5_chr2_208633019,0,3.630414459,3523,10189
FZD6_chr8_104312479,0,0.305010893,6656,17965
FZD7_chr2_202899717,0,0.183128544,8642,22499
FZD8_chr10_35930287,0,0.231903263,7662,17027
FZD9_chr7_72848392,0,0.704396405,4154,11408
GABBR1_chr6_29598301,0,0.462877245,2384,6418
GABBR2_chr9_101470770,0.061919505,0.442477876,4817,11475
GABRA1_chr5_161281236,0,0.571837026,6122,16928
GABRA2_chr4_46252583,0.05312085,0.47826087,1808,6037
GABRA3_chrX_151532930,0,0.052910053,1348,4117
GABRA4_chr4_46995409,0,0.216245439,1903,5401
GABRB1_chr4_47034436,0,0.244413408,4845,12430
GABRB2_chr5_160973391,0,0.119205298,3434,8394
GABRB3_chr15_27017830,0.23255814,0.230858022,3765,9200
GABRD_chr1_1956387,0,3.331953642,1371,3780
GABRE_chrX_151131062,0,0.028595939,2987,7399
GABRG1_chr4_46060576,0,0.266453504,36,132
GABRG2_chr5_161524708,0,0.405734379,1059,2864
GABRG3_chr15_27216712,0,0.184706317,2721,7550
GABRP_chr5_170216142,0,0,860,2599
GABRQ_chrX_151806766,0,0,1925,4832
GABRR1_chr6_89926935,0,0.492610837,6543,17485
GABRR2_chr6_90009545,0,1.278132815,1145,3753
GALR1_chr18_74962577,0,3.828429635,1417,3697
GALR2_chr17_74070965,0,1.927194861,1029,2707
GALR3_chr22_38220765,0,2.434162841,638,2137
GAS7_chr17_9923154,0.088365243,2.968657599,2092,4719
GATA1_chrX_48650291,0,0.576992427,195,609
GATA2_chr3_128205845,0,0.926694329,2447,7198
GATA3_chr10_8097626,0,0,1235,2821
GCGR_chr17_79769294,0,1.303871228,1815,5137
GHRHR_chr7_31009490,0,1.341975534,6341,16556
GHSR_chr3_172166173,0,0.084781687,3395,8455
GIPR_chr19_46173895,0,0.479616307,1040,2773
GLP1R_chr6_39025261,0,0.19470405,2927,7230
GLRA1_chr5_151239543,0,1.380020597,201,230
GLRA2_chrX_14548185,0,0.144032922,6237,17333
GLRA4_chrX_102979166,0,0.323362975,4245,10954
GLRB_chr4_158065081,0,0.630790459,3682,11795
GNA11_chr19_3114954,0,0.12116806,596,1668
GNAS_chr20_57415213,0,0.260841213,1908,5136
GOLGA5_chr14_93275695,0,0.230294148,2137,4855
GOPC_chr6_117923356,0,0.399042298,792,14580
GPBAR1_chr2_219127537,0,0.317770716,471,1237
GPC3_chrX_133119446,0.035277516,0.028766335,3638,10146
GPER_chr7_1131625,0,0.348874088,5797,16506
GPHN_chr14_66975253,0,1.311966188,990,3067
GPR1_chr2_207041017,0,0.423239708,3071,9553
GPR101_chrX_136113719,0,0.076589226,1028,2506
GPR110_chr6_46977763,0,0.156054931,1519,4091
GPR111_chr6_47650058,0,0.454545455,8504,24334
GPR112_chrX_135405025,0,0,1127,3153
GPR113_chr2_26569073,0,0.021269054,4242,11357
GPR115_chr6_47682064,0,0.668784484,739,2599
GPR116_chr6_46849820,0,0.451467269,1315,3917
GPR119_chrX_129519072,0,0,945,3204
GPR12_chr13_27333933,0,0.388601036,4110,11000
GPR123_chr10_134910575,0,2.568765629,1454,3851
GPR124_chr8_37655026,0,1.089638158,4905,14105
GPR125_chr4_22414950,0,0,4585,11962
GPR126_chr6_142688773,0,0.176852034,286,443
GPR128_chr3_100352109,0.185185185,0.244125725,2466,6014
GPR132_chr14_105518363,0,0.212273254,810,2316
GPR133_chr12_131439174,0,1.001430615,3436,8798
GPR135_chr14_59931803,0,2.797833935,1795,4864
GPR139_chr16_20043741,0,2.273301339,114,390
GPR142_chr17_72363845,0,3.010969331,1906,5089
GPR143_chrX_9733777,0,0.083273852,1080,3277
GPR144_chr9_127214931,0,0.34965035,2040,5182
GPR146_chr7_1097534,0,2.465633864,280,699
GPR148_chr2_131486939,0,0.893854749,1805,4432
GPR150_chr5_94955994,0,0.650759219,2889,7918
GPR151_chr5_145895385,0,0.875480627,3683,8934
GPR152_chr11_67219656,0,0.886143931,6443,16812
GPR153_chr1_6314725,0,0.636294222,4384,9724
GPR156_chr3_119886981,0,0.537323303,3485,9166
GPR157_chr1_9189031,0,2.749696725,230,895
GPR158_chr10_25464466,0,0.109965636,1157,2766
GPR161_chr1_168105500,0,0.616016427,6974,16905
GPR162_chr12_6933096,0,1.236537694,4955,14896
GPR17_chr2_128408507,0.033632287,0.443632568,1456,3929
GPR171_chr3_150916788,0.122199593,0.746009715,4651,12097
GPR173_chrX_53105850,0.058122639,2.713856928,599,2473
GPR174_chrX_78426836,0,0.091774693,11022,29100
GPR176_chr15_40212169,0,0.682438581,2431,6331
GPR18_chr13_99907740,0,0.806945863,1778,5014
GPR182_chr12_57389219,0,0.094007051,8920,22992
GPR19_chr12_12814318,0,1.922109289,2455,5764
GPR20_chr8_142367715,0,1.493598862,3441,7996
GPR22_chr7_107115383,0,0.535264484,2831,8717
GPR25_chr1_200842201,0,0.197889182,999,2198
GPR26_chr10_125426057,0,1.535141632,3779,9790
GPR27_chr3_71803201,0.045987583,0.428759894,1699,4255
GPR3_chr1_27720654,0,0.708622542,5895,19874
GPR31_chr6_167571156,0,1.089108911,2942,8436
GPR32_chr19_51273916,0.098135427,0.067636118,1254,3176
GPR34_chrX_41554966,0,0.323805966,1184,3032
GPR35_chr2_241570077,0,0.870380289,14613,36609
GPR37_chr7_124404992,0,1.290293974,4349,12128
GPR37L1_chr1_202096964,0,0.511587771,14633,34433
GPR39_chr2_133175219,0,0.150630766,557,2020
GPR4_chr19_46095079,0,1.212938005,2038,5914
GPR45_chr2_105858758,0,0.801881105,6156,16059
GPR50_chrX_150345277,0,0.043821209,5828,14936
GPR55_chr2_231775359,0,0.499941867,9923,22553
GPR56_chr16_57685206,0,1.163757273,4900,16224
GPR6_chr6_110300535,0,0.650195059,4101,10622
GPR61_chr1_110085826,0,2.716049383,3061,8904
GPR62_chr3_51989998,0,0.494623656,6107,16586
GPR63_chr6_97247570,0,0.228953857,1267,4564
GPR64_chrX_19025404,0,0.466200466,3165,8601
GPR65_chr14_88477505,0,1.072522983,1078,2406
GPR68_chr14_91701347,0,0.751242657,858,2307
GPR78_chr4_8582828,0,1.012555691,854,2025
GPR82_chrX_41586620,0,0.305676856,1856,4650
GPR83_chr11_94134045,0,0.56753689,2136,5678
GPR84_chr12_54757558,0.043773255,0.339625622,845,2574
GPR85_chr7_112724671,0,3.291139241,3951,11748
GPR87_chr3_151012895,0,0.194174757,5444,17704
GPR88_chr1_101004618,0,0.430050438,564,2469
GPR97_chr16_57718351,0,1.159678858,920,2290
GPRC5A_chr12_13061198,0,0.729594163,4074,11453
GPRC5B_chr16_19884020,0,2.307771913,4569,12661
GPRC5D_chr12_13103148,0,1.786652654,716,1580
GPRC6A_chr6_117127536,0.056069526,0.26889752,617,1545
GRIA1_chr5_153026704,1.838235294,0.196078431,6292,18835
GRIA2_chr4_158142830,0,0.531384922,1523,3363
GRIA3_chrX_122318426,0,0.224592925,1652,4386
GRIA4_chr11_105483067,0,2.09383482,3596,9663
GRID1_chr10_88123830,0,0.776322174,498,1903
GRID2_chr4_93225857,0.515463918,0.169923534,3567,10041
GRIK1_chr21_31311705,0,0.998336106,544,1530
GRIK2_chr6_102074483,0,0.320741269,1220,3011
GRIK3_chr1_37356673,0.189753321,0.173711639,626,1781
GRIK4_chr11_120531031,0,1.452494874,1069,2579
GRIK5_chr19_42569375,0,0.440910165,1847,4122
GRIN1_chr9_140033946,0,3.305118904,388,1177
GRIN2A_chr16_9984855,0,0.660611065,346,1202
GRIN2B_chr12_14019001,0,1.117964534,1015,2806
GRIN2C_chr17_72848474,0,0.573046355,1054,3454
GRIN2D_chr19_48901817,0,2.14770798,2334,5852
GRIN3A_chr9_104500046,0,0.789096126,5203,12701
GRIN3B_chr19_1000635,0,2.181208054,5956,14886
GRM1_chr6_146350743,0,1.05149636,1978,6055
GRM2_chr3_51743260,0.04805382,3.691963453,794,2594
GRM3_chr7_86394633,0,1.706266943,11463,29317
GRM4_chr6_34100914,0,2.00055571,3773,11780
GRM5_chr11_88386475,0,0.126823082,1386,4182
GRM6_chr5_178421822,0,1.081599124,1814,4768
GRM7_chr3_6903177,0,0.110864745,3993,11127
GRM8_chr7_126883184,0,5.748409421,4162,10726
GRPR_chrX_16142133,0,0.145458464,2485,6271
HCAR1_chr12_123214856,0,2.546455609,1597,3599
HCN1_chr5_45696155,0,1.277389277,594,1577
HCN2_chr19_603759,0,0.34904014,2181,7304
HCN3_chr1_155252293,0,0.442271881,2795,8118
HCN4_chr15_73660005,0,1.61041253,3356,8959
HCRTR1_chr1_32084889,0,0.105540897,6657,18562
HCRTR2_chr6_55039390,0,0.970873786,1129,2906
HERPUD1_chr16_56966174,0,2.275312856,4147,10725
HIST1H3B_chr6_26032262,0,0.551768906,6046,17763
HLF_chr17_53345149,0,1.044776119,1788,4296
HNF4A_chr20_42984448,0,0.632172061,1803,4533
HNF4G_chr8_76470799,0,0.54894785,792,1895
HNRNPA2B1_chr7_26237313,0,0.826446281,2126,6180
HOXA11_chr7_27224694,0,1.295279912,647,1758
HOXA13_chr7_27239179,0,0.706001009,29,319
HOXA9_chr7_27204887,0,0.397350993,2305,6162
HOXC11_chr12_54367080,0,1.1537127,2058,5360
HOXC13_chr12_54332729,0,1.985588471,4311,14553
HOXD11_chr2_176972084,0,3.130990415,843,2186
HOXD13_chr2_176957833,0,0.166626994,845,1936
HRAS_chr11_533490,0,0.432900433,1518,4555
HRH1_chr3_11300869,0,3.008496619,1600,3966
HRH2_chr5_175110361,0,0.330812854,2318,6795
HRH3_chr20_60795004,0,1.642608263,3720,11528
HSP90AA1_chr14_102605639,0,0.993560258,2393,6245
HTR1A_chr5_63257467,0,1.494451927,2464,6260
HTR1B_chr6_78172869,0,0.326264274,1610,4201
HTR1D_chr1_23520255,0,1.127214171,1346,3927
HTR1F_chr3_88040033,0,0.4101162,4620,11534
HTR2A_chr13_47466600,0,2.826455625,1643,4232
HTR2B_chr2_231973894,0,0,1159,4018
HTR2C_chrX_113965751,0,0.872216106,1888,5435
HTR3A_chr11_113848601,0,1.415389428,6479,15591
HTR3C_chr3_183774667,0.080385852,1.147563116,464,613
HTR3D_chr3_183753837,0,1.242236025,1897,3726
HTR3E_chr3_183818352,0,1.440249124,1640,4389
HTR4_chr5_147928268,0,4.498150856,1833,5307
HTR5A_chr7_154862951,0,0.71884984,437,1133
HTR6_chr1_19992374,0,0.453234446,4288,11809
HTR7_chr10_92617199,0,1.143168209,5314,12788
IDH1_chr2_209113106,0,3.606840063,2488,7407
IDH2_chr15_90634851,0,0.108892922,1030,2737
IFNAR1_chr21_34697372,0.11055832,1.201733649,1160,2569
IFNAR2_chr21_34619114,0,0.931034483,4627,11627
IFNGR1_chr6_137528156,0,0,1275,3756
IFNGR2_chr21_34787226,0,0.187969925,2361,7281
IGF1R_chr15_99250799,0,0.093440478,2202,7348
IKZF1_chr7_50367244,0,0.749464668,3006,6959
IL10RA_chr11_117859193,0,0.617283951,928,2755
IL11RA_chr9_34656739,0,1.308411215,1809,5076
IL13RA1_chrX_117880926,0,0.075987842,1039,2900
IL13RA2_chrX_114244192,0,0.174754671,536,1381
IL15RA_chr10_6008256,0,0.847132945,2076,5320
IL17RA_chr22_17566061,0,2.853321444,1897,5351
IL17RB_chr3_53890974,0,0.475391499,3977,9340
IL17RC_chr3_9962206,0,1.393728223,728,1782
IL17RD_chr3_57199275,0,0.222222222,698,2140
IL17RE_chr3_9948671,0,0.718778077,989,2632
IL18R1_chr2_102992402,0,0.353800135,2673,7439
IL18RAP_chr2_103040430,0.142959257,0.915264246,8855,23491
IL1R2_chr2_102626054,0,0.447743608,3632,8972
IL1RAP_chr3_190322080,0,0.758853288,1433,3576
IL1RAPL2_chrX_104440251,0,2.902902903,1802,4018
IL1RL1_chr2_102955369,0,1.532645346,5244,13950
IL20RB_chr3_136701106,0.081455335,0.421602088,1194,3339
IL21R_chr16_27445693,0,3.191371066,12364,31091
IL22RA1_chr1_24465094,0,1.248374512,1399,3387
IL2RA_chr10_6067815,0,2.834799609,70,661
IL2RG_chrX_70331295,0.329489292,1.52173913,2985,8487
IL4R_chr16_27353487,0,1.198083067,325,1186
IL5RA_chr3_3133908,0,0.542849515,1921,4995
IL6R_chr1_154407058,0,0.501756147,3743,9787
IL6ST_chr5_55250639,0,4.347826087,3683,9962
INSR_chr19_7267659,0,0.064482848,3883,8993
INSRR_chr1_156823971,0.210674157,1.847256686,1557,3845
IRF4_chr6_393234,0,1.578400831,810,2046
ITK_chr5_156649936,0,1.068812297,607,1380
ITPR1_chr3_4558211,0,0.641319285,1519,3756
ITPR2_chr12_26868276,0,2.472014925,7596,22474
JAK1_chr1_65349035,0.09596929,0.231687756,2328,5979
JAK2_chr9_5050686,0,0.570450656,143,299
JAK3_chr19_17955163,0,2.879243661,5554,15508
JAZF1_chr7_27934958,0,0.852064052,1424,3627
JUN_chr1_59248672,0,1.210653753,1778,4815
KAT6B_chr10_76603112,0,0.971884762,3328,8327
KCNA1_chr12_5021146,0,6.160204684,2149,6549
KCNA10_chr1_111061254,0,0.73024055,828,2144
KCNA2_chr1_111146773,0,0.287528453,2084,5611
KCNA3_chr1_111217259,0,3.368977808,646,1753
KCNA4_chr11_30033697,0,0.950226244,5441,13962
KCNA5_chr12_5153344,0,0.440528634,3005,6807
KCNA7_chr19_49575785,0.03104144,1.066649428,307,826
KCNAB1_chr3_156009801,0.141442716,0.2672148,1338,2881
KCNAB2_chr1_6111607,0.028551035,0.785519126,2279,5081
KCNAB3_chr17_7832709,0,1.023204824,4050,11640
KCNB1_chr20_48098992,0,0.63944909,2639,8347
KCNB2_chr8_73479985,0,2.723198897,3928,8697
KCNC1_chr11_17757555,0.074101519,0.550747443,2085,6630
KCNC2_chr12_75601456,0,1.659292035,1493,4086
KCNC4_chr1_110754776,0,3.32594235,32,82
KCND1_chrX_48826293,0.052210233,0.673769076,6443,15469
KCND2_chr7_119914717,0,0.330568578,1414,4865
KCND3_chr1_112525066,0,1.895877219,7005,17568
KCNE1_chr21_35821905,0,0.415911988,1841,5473
KCNE1L_chrX_108868186,0,3.073354596,795,2033
KCNE3_chr11_74168576,0,0.326797386,1345,2901
KCNE4_chr2_223917928,0,0.282192804,2699,7626
KCNF1_chr2_11052643,0,2.536605486,1778,4520
KCNG1_chr20_49626750,0,0.991786766,169,451
KCNG2_chr18_77623892,0,0.587774295,5746,17365
KCNG3_chr2_42720567,0,0.537403267,6591,16638
KCNG4_chr16_84270956,0.086095566,0.307298335,1928,6646
KCNH1_chr1_211192482,0,3.401360544,5740,14907
KCNH2_chr7_150672006,0,1.138811942,1384,3449
KCNH3_chr12_49933248,0,2.018466824,467,1224
KCNH4_chr17_40332939,0,0.973257343,9234,24097
KCNH5_chr14_63453877,0,0.311769291,2126,4849
KCNH6_chr17_61601636,0,0.324832097,2084,6453
KCNH7_chr2_163374306,0,0.116654702,3107,7656
KCNH8_chr3_19389364,0,0.039666799,3300,9304
KCNJ1_chr11_128712280,0,2.44100895,2323,7810
KCNJ10_chr1_160012070,0,0.646305918,657,1470
KCNJ11_chr11_17409608,0,2.310453118,2542,6498
KCNJ12_chr17_21318738,0,0.995732575,1875,4657
KCNJ13_chr2_233635910,0,0.837742504,4022,11405
KCNJ14_chr19_48965061,0,0.376834589,384,1283
KCNJ15_chr21_39671386,0,0.476947536,8096,22781
KCNJ16_chr17_68128764,0,0.322407308,3953,11144
KCNJ2_chr17_68171534,0,2.596741344,2591,7563
KCNJ3_chr2_155555402,0,0.151196976,771,2458
KCNJ4_chr22_38824115,0,1.691331924,3108,7891
KCNJ5_chr11_128781276,0,1.042128603,1310,4458
KCNJ6_chr21_39087317,0,0.305235971,2651,7030
KCNJ9_chr1_160053937,0.203311066,2.478460994,820,2268
KCNK1_chr1_233750169,0,1.714368735,3679,10084
KCNK12_chr2_47797356,0,1.352634077,2694,6919
KCNK13_chr14_90528597,0,0.283904783,2601,7444
KCNK15_chr20_43374676,0.141509434,0.293164635,753,1964
KCNK17_chr6_39282072,0,0.503566932,3955,11905
KCNK2_chr1_215256735,0.041347943,2.138182925,760,2365
KCNK3_chr2_26915749,0,1.020408163,3504,9020
KCNK4_chr11_64060637,0,1.801080648,3113,8518
KCNK6_chr19_38810619,0.455580866,0.575143786,3443,8473
KCNK7_chr11_65363212,0,1.075811061,5457,13766
KCNK9_chr8_140715142,0,0.324356202,1591,4214
KCNMA1_chr10_79397184,0,0.383386581,3197,9158
KCNMB1_chr5_169810731,0,0.922045264,2120,6481
KCNMB2_chr3_178525211,0,0.960087779,859,2383
KCNMB4_chr12_70760526,0,0.728793309,4837,13142
KCNN1_chr19_18084757,0,0.334368283,877,2058
KCNN2_chr5_113698509,0,3.808717732,1925,4997
KCNN3_chr1_154842175,0,0.507982583,1317,3999
KCNN4_chr19_44284956,0.059559261,2.586534804,7368,17847
KCNQ1_chr11_2466578,0,0.116795141,3849,10174
KCNQ2_chr20_62103794,0,0.956399437,615,1565
KCNQ3_chr8_133492651,0,1.249458327,2219,4772
KCNQ4_chr1_41249989,0,4.166009153,2871,7291
KCNQ5_chr6_73332072,0,3.234802008,3306,8370
KCNS1_chr20_43727301,0.052273915,0.162899613,1528,4187
KCNS2_chr8_99440255,0,2.976774616,4424,11815
KCNS3_chr2_18112557,0,1.177929324,6888,17914
KCNT1_chr9_138641962,0,2.163110202,3358,7887
KCNU1_chr8_36644831,0,0.137698898,1465,4281
KCNV1_chr8_110986482,0,1.858836207,2799,7110
KCNV2_chr9_2718138,0,1.869374567,5508,13846
KDM5C_chrX_53254043,0.616016427,0,3036,6337
KDR_chr4_55976840,0,1.483050847,1511,3586
KDSR_chr18_61018219,0,0.807299131,5739,14733
KIAA1549_chr7_138603924,0,2.487562189,3707,9171
KIF5B_chr10_32344808,0.1614205,0.3495485,2485,6452
KISS1R_chr19_917510,0,0.251037945,1128,3421
KIT_chr4_55524226,0,0,2447,6536
KLF4_chr9_110250417,0,0.660844937,4493,11136
KLF6_chr10_3827148,0,0.14249525,4338,12999
KMT2A_chr11_118342382,0.548446069,3.229278794,487,1118
KMT2C_chr7_151949066,0.034264177,0.547341931,699,1416
KMT2D_chr12_49448505,0,1.791359326,7956,20934
KTN1_chr14_56078990,0,0.627240143,3038,6633
LASP1_chr17_37026448,0,0.947583063,1239,3433
LCK_chr1_32740368,0,0.854700855,3701,10357
LCP1_chr13_46730610,0,0,834,2918
LEPR_chr1_66067592,0,0.855365474,3052,8474
LGR4_chr11_27390632,0,2.172581177,1986,6316
LGR5_chr12_71833969,0,3.00407332,1094,2787
LGR6_chr1_202245609,0,0.676513699,5837,15895
LHCGR_chr2_48982692,0.272479564,2.731442869,1136,2847
LHFP_chr13_39918156,0,1.600952633,1815,4464
LIFR_chr5_38527372,0,0.247678019,3188,8337
LMO1_chr11_8251839,0,0.288184438,950,2340
LMO2_chr11_33891069,0.332225914,0.400748063,349,832
LPAR1_chr9_113704141,0,1.100937432,283,1286
LPAR2_chr19_19738053,0,0.179748352,8548,21219
LPAR3_chr1_85331159,0,0.35035035,1858,3928
LPAR4_chrX_78010794,0.082293238,0.120385233,3152,8869
LPAR5_chr12_6730060,0.129813933,0.285937094,1835,4796
LPAR6_chr13_48986120,0,3.504894222,2692,7558
LPHN1_chr19_14288529,0,0.627934604,1137,3230
LPHN2_chr1_82372763,0,0.740247243,1132,2776
LPHN3_chr4_62542587,0,0.28363047,1505,3743
LPP_chr3_188327092,0,1.072736787,3536,9174
LRIG3_chr12_59313983,0,1.106955871,465,1669
LTB4R_chr14_24784882,0,0,844,1998
LTB4R2_chr14_24780086,0,1.033537228,7291,19936
LTBR_chr12_6493757,0,0.313217791,2311,7694
LTK_chr15_41804978,0,2.574808629,964,3167
LYL1_chr19_13211504,0,0.937290783,5802,17677
MAF_chr16_79633672,0.108499096,0.611280911,4971,13509
MAFB_chr20_39317247,0,0.301724138,927,2468
MALT1_chr18_56338881,0,0.711929154,3071,7644
MAP2K1_chr15_66679728,0,0.396220664,2315,6685
MAS1L_chr6_29455352,0.148022838,2.115527642,1374,3644
MAX_chr14_65569033,0,3.321488501,1453,4741
MC1R_chr16_89985845,0.056858564,0.209326666,1672,4789
MC2R_chr18_13885445,0,0.528102603,1275,2874
MC3R_chr20_54824354,0,3.722772277,3640,8962
MC5R_chr18_13826208,0.025239778,1.51726995,2765,7198
MCHR1_chr22_41075540,0,0.712504453,1940,6960
MCOLN1_chr19_7589969,0,0.219622822,2055,5759
MDM2_chr12_69210609,0,0.203183204,1033,3281
MDM4_chr1_204518417,0,0,29,32
MED12_chrX_70338618,0,2.358887953,4729,12101
MEN1_chr11_64577524,0,1.537804357,8064,20262
MERTK_chr2_112705095,0,0.201511335,7035,17198
MET_chr7_116339261,0,1.818698494,3258,7953
MIP_chr12_56847517,0,0.571428571,2300,5050
MITF_chr3_69788756,0,0.185609107,7924,19311
MKL1_chr22_40827449,0,0.933786078,4441,11228
MLF1_chr3_158315943,0,0.24706609,6950,20945
MLH1_chr3_37035043,0,0.079145231,1539,2953
MLLT1_chr19_6270744,0,1.157451693,228,656
MLLT10_chr10_21823582,0,0.329144225,580,1187
MLLT3_chr9_20620709,0,0.114926988,1932,4682
MLLT4_chr6_168265332,0,1.890677649,721,1985
MLLT6_chr17_36861960,0,4.004149378,1289,3519
MN1_chr22_28196452,0,0.252472123,613,1575
MPL_chr1_43804266,0,1.505040466,6368,16163
MRGPRD_chr11_68748405,0,1.757342321,388,1178
MRGPRE_chr11_3249983,0,1.867743564,4131,9714
MRGPRG_chr11_3239952,0,0.279827016,2809,7581
MRGPRX1_chr11_18956076,0,0.190269095,3896,10454
MRGPRX2_chr11_19076977,0,1.662707838,3858,10026
MRGPRX4_chr11_18195076,0,0.142869899,5467,14792
MSH2_chr2_47630381,0,0.183038438,2246,5342
MSI2_chr17_55334143,0,1.362162162,1791,4820
MST1R_chr3_49940851,0,1.57480315,1372,4753
MTCP1_chrX_154294216,0,0.083006339,23,263
MTNR1A_chr4_187455655,0,3.848027277,2441,7043
MTNR1B_chr11_92702908,0,0.591060214,1607,4154
MUC1_chr1_155160211,0,1.888854199,831,1981
MUSK_chr9_113449402,0,0.288350634,1486,3931
MUTYH_chr1_45799166,0,5.007473842,1445,3679
MYC_chr8_128750541,0,2.120974077,144,421
MYCL_chr1_40366915,0,0.100908174,3869,11199
MYCN_chr2_16082240,0,1.656817222,3900,11473
MYD88_chr3_38180284,0,1.122586439,1878,4625
MYH9_chr22_36744960,0,1.302012201,805,3175
NACA_chr12_57114004,0.239120038,0.323719835,4796,13252
NBN_chr8_90982670,0,0,779,2053
NCKIPSD_chr3_48723182,0,0.558108995,2981,8121
NCOA1_chr2_24881555,0,0.258732212,5151,12812
NCOA2_chr8_71078955,0,1.663982823,450,1734
NDRG1_chr8_134260992,0,1.294117647,554,1338
NF1_chr17_29422357,0,0.769716088,590,1273
NF2_chr22_30000040,0,0.699682956,1330,2973
NFE2L2_chr2_178098916,0,0.213675214,3525,9476
NFIB_chr9_14307457,0,0.066474629,1495,4454
NFKB2_chr10_104156210,0,0.772200772,4404,10983
NGFR_chr17_47583701,0,1.187360667,2091,6796
NIN_chr14_51239774,0,0.125,1323,3451
NMBR_chr6_142409740,0,2.234670163,4555,12184
NMUR1_chr2_232393441,0,1.245704467,799,2319
NMUR2_chr5_151784331,0,0.423928403,3801,9315
NOTCH1_chr9_139417445,0,0.348796652,2230,5950
NOTCH2_chr1_120512279,0,0.236756437,3263,7925
NPBWR1_chr8_53852538,0,0.621439669,2555,9147
NPBWR2_chr20_62737969,0,1.246310266,461,1404
NPFFR1_chr10_72025939,0,0.19874862,1603,4513
NPFFR2_chr4_72897624,0,2.236973117,638,1554
NPSR1_chr7_34698049,0,0.3859708,7968,20634
NPY1R_chr4_164247267,0,1.495954816,1077,3200
NPY4R_chr10_47086924,0,1.262886598,6926,16781
NPY5R_chr4_164272402,0,0.143369176,924,2328
NR0B1_chrX_30327177,0,1.22605364,7501,19107
NR0B2_chr1_27240306,0,0.96759676,975,2867
NR1D1_chr17_38253452,0,0.43100612,1139,3379
NR1H2_chr19_50881508,0,1.414612804,719,1931
NR1H3_chr11_47282010,0,1.727574751,992,3049
NR1H4_chr12_100934536,0,1.174168297,4681,13585
NR1I2_chr3_119528910,0,0.716275368,7056,15065
NR1I3_chr1_161199661,0,0.912476723,2289,5959
NR2C1_chr12_95456417,0,3.349475383,2624,6551
NR2C2_chr3_15057693,0,1.195814649,3052,7760
NR2E3_chr15_72103834,0.041084634,3.00739657,1083,2790
NR2F1_chr5_92920757,0,1.613291596,1542,3915
NR2F2_chr15_96877405,0,0,7188,17776
NR2F6_chr19_17355936,0,0.676848317,11586,30394
NR3C1_chr5_142780050,0,1.056428755,2910,6857
NR3C2_chr4_149357455,0,0.517598344,4477,12040
NR4A1_chr12_52448276,0,0.353724511,875,2555
NR4A2_chr2_157186617,0,0.71458596,853,2513
NR4A3_chr9_102590375,0,0.061842919,2048,5370
NR5A1_chr9_127265647,0.090036014,0.590783773,1162,2478
NR6A1_chr9_127533370,0,1.102709515,1300,2676
NRAS_chr1_115252229,0,0.589408778,4868,12303
NT5C2_chr10_104849578,0,3.976234004,1726,4153
NTRK1_chr1_156811896,0,0.37458194,2195,6342
NTRK2_chr9_87285829,0.034885749,0.227029072,4897,11524
NTRK3_chr15_88799162,0,2.170542636,1286,3881
NTSR1_chr20_61340679,0,0.564560189,274,966
NTSR2_chr2_11810087,0,1.14213198,1704,4806
NUMA1_chr11_71732280,0,0.855431993,3738,9516
NUP214_chr9_134001111,0,0.543172879,1322,3234
NUP98_chr11_3756435,0,0.449943757,3332,7617
NUTM1_chr15_34640205,0,0.874125874,1232,3174
OLIG2_chr21_34399403,0,1.048543689,4593,11028
OPN1SW_chr7_128415552,0.113733295,0.233242065,1748,4376
OPN3_chr1_241803195,0.050942435,1.751736635,2635,7475
OPN4_chr10_88417831,0.183374083,0.447245375,5733,15857
OPN5_chr6_47763060,0,0.417863672,294,645
OPRD1_chr1_29138896,0,2.065767285,1858,5491
OPRK1_chr8_54163569,0,2.527981474,469,1576
OPRL1_chr20_62724229,0,0.216416757,1026,2338
OPRM1_chr6_154360661,0.320170758,0.36939314,3829,10678
OR10AD1_chr12_48596995,0,0,338,889
OR10C1_chr6_29407999,0,1.745125498,739,1716
OR10G3_chr14_22038148,0,0.20715943,7439,18025
OR10G7_chr11_123908890,0,0.802692905,3517,9861
OR10H1_chr19_15918801,0.06443299,1.412049489,3926,9933
OR10H3_chr19_15852602,0,3.400904674,1636,4919
OR10P1_chr12_56031064,0,1.799959092,1256,3829
OR10Q1_chr11_57995400,0,0.344129555,1944,4744
OR10S1_chr11_123847791,0,0.931470393,2430,5182
OR10T2_chr1_158369110,0,0.207939509,10100,25876
OR10V1_chr11_59480623,0,0.069156293,937,1895
OR10X1_chr1_158549492,0,0.24968789,197,714
OR11A1_chr6_29395097,0,2.170100833,4177,9283
OR12D2_chr6_29364674,0,0.879604178,4351,12068
OR13C4_chr9_107288800,0,0.365853659,1347,3862
OR13C8_chr9_107331459,0,0,3104,7436
OR13G1_chr1_247835653,0,0.483569623,2828,5969
OR13H1_chrX_130678719,0,0.031502678,1776,4889
OR13J1_chr9_35869685,0,2.011049724,1799,4940
OR14C36_chr1_248512310,0,0.314529221,1055,3006
OR14J1_chr6_29275317,0,0.205882353,1652,5290
OR1B1_chr9_125391778,0,0.107668381,2174,5784
OR1C1_chr1_247921560,0,0.859497088,517,1602
OR1F1_chr16_3254261,0,1.961218837,1837,4562
OR1I1_chr19_15198446,0,1.426940639,35,86
OR1K1_chr9_125563184,0,0.296091591,1998,5457
OR1M1_chr19_9204400,0,1.4590524,917,2460
OR1N1_chr9_125289293,0,0.312565118,464,1342
OR2A12_chr7_143792985,0,0.924712954,3320,9099
OR2A2_chr7_143807597,0,0.15625,3320,9523
OR2AE1_chr7_99474535,0,1.536742107,1691,4525
OR2AK2_chr1_248128878,0,0.32808399,3533,9856
OR2B11_chr1_247614927,0,0.030448352,1305,3400
OR2C1_chr16_3406503,0,1.230769231,2934,8359
OR2C3_chr1_247694953,0,2.615062762,5484,14078
OR2D2_chr11_6913060,0,0.644122383,3856,9025
OR2F1_chr7_143657441,0,0.671492108,820,1752
OR2G2_chr1_247752245,0,4.02133771,3956,10132
OR2G3_chr1_247769181,0,0.225903614,2575,6374
OR2G6_chr1_248685079,0,0.765639589,3731,9598
OR2H1_chr6_29429549,0,0.937612694,4604,12977
OR2J3_chr6_29080335,0,2.544283414,547,1280
OR2T1_chr1_248569410,0,0.446096654,2581,7158
OR2T6_chr1_248551673,0,0.31152648,2762,7620
OR2V2_chr5_180582404,0,1.746603826,4261,13137
OR2W3_chr1_248058988,0,0.378024194,350,1300
OR2Z1_chr19_8841891,0,0.414408671,1269,2868
OR3A2_chr17_3181509,0,1.970096746,246,3105
OR4B1_chr11_48238451,0,0.836570063,4529,11467
OR4C11_chr11_55371121,0,1.513452915,1053,2437
OR4D2_chr17_56247759,0,0,3206,9296
OR4D5_chr11_123810991,0,0.923727939,1948,5355
OR4F15_chr15_102358488,0,0.885960927,1004,2773
OR4K1_chr14_20404414,0,1.991134365,1487,3105
OR4K14_chr14_20482658,0,1.191391238,1097,2690
OR4K17_chr14_20585632,0,1.89701897,659,1605
OR4K5_chr14_20389655,0,0.368227249,2763,7214
OR4N5_chr14_20612550,0.0486618,1.327088212,1391,3968
OR4S1_chr11_48328357,0,1.149537263,1140,3137
OR4S2_chr11_55418962,0.036866359,1.100823795,1999,5685
OR4X1_chr11_48285809,0,0.410396717,1233,3347
OR51B2_chr11_5345179,0,0.466870174,1834,5352
OR51B4_chr11_5322677,0,0.429447853,2039,6453
OR51B5_chr11_5364416,0,2.500644496,7407,19378
OR51B6_chr11_5372941,0,6.023770935,1671,4402
OR51D1_chr11_4661490,0,0.815890438,4924,13761
OR51E1_chr11_4673790,0,0.324099863,1136,2602
OR51E2_chr11_4703659,0.166666667,0.974068711,651,1476
OR51F1_chr11_4791095,0,0.231438622,1626,3802
OR51M1_chr11_5411042,0,0.668668122,4110,10248
OR51Q1_chr11_5443700,0,2.265050666,4379,10265
OR51S1_chr11_4870049,0,0.650132434,5425,13717
OR51T1_chr11_4903272,0,2.473498233,5075,13158
OR51V1_chr11_5221319,0,0.917562724,2173,5569
OR52A5_chr11_5153530,0,0.189419564,1242,3260
OR52B2_chr11_6191343,0,2.653748947,1140,3879
OR52B4_chr11_4388901,0,0.540151242,1672,3702
OR52B6_chr11_5602850,0.064829822,1.326006451,8000,20591
OR52E2_chr11_5080357,0,0.064315575,7590,19747
OR52E6_chr11_5863102,0,0.36900369,3000,7597
OR52H1_chr11_5566443,0,1.388888889,3814,10802
OR52M1_chr11_4566807,0,0.011805679,2639,7328
OR52R1_chr11_4825196,0,1.006531749,1583,5033
OR56A4_chr11_6023761,0.036839197,0.055644862,1617,4153
OR5A1_chr11_59211349,0,0.896860987,385,1132
OR5A2_chr11_59189478,0,3.553921569,2437,6975
OR5AP2_chr11_56409837,0.228832952,6.4453125,2834,7391
OR5B21_chr11_58275330,0,0.646248946,1943,4748
OR5C1_chr9_125551363,0.021965953,0.079096858,1459,2777
OR5I1_chr11_55703286,0,2.186878728,3085,8371
OR5M11_chr11_56310479,0,6.23853211,3057,9329
OR5T1_chr11_56043280,0.066028392,0.254607177,453,813
OR5V1_chr6_29323190,0,0.698576973,1766,4968
OR6B3_chr2_240984536,0,0,6210,16941
OR6C4_chr12_55945607,0,0.0951978,3591,9339
OR6C6_chr12_55688959,0,0.940951861,60,366
OR6K2_chr1_158669848,0.03628447,0.179104478,5429,16174
OR6M1_chr11_123676976,0,3.340292276,53,145
OR6Q1_chr11_57798576,0,0.225479143,565,1338
OR6T1_chr11_123814284,0,2.106587015,360,816
OR7C1_chr19_14910827,0,0.890868597,874,3072
OR7C2_chr19_15052633,0,0.3394979,1407,3559
OR7D2_chr19_9297260,0,0.147058824,9105,27814
OR8A1_chr11_124440457,0,0.636942675,206,503
OR8D2_chr11_124189605,0,0.612369871,250,545
OR8I2_chr11_55861244,0,3.578066915,63,165
OR8J3_chr11_55904447,0.046739892,0.818033085,3029,8248
OR8K3_chr11_56086177,0,1.993006993,1391,3865
OR8S1_chr12_48919464,0.022251891,0.729865418,367,1155
OR9A4_chr7_141619592,0,0.075786283,3817,9454
OR9I1_chr11_57886245,0,0,2983,7333
OR9Q1_chr11_57947707,0,0.720515738,5512,15075
OR9Q2_chr11_57957971,0,0,483,1437
OSMR_chr5_38883960,0,0,4598,12418
OXGR1_chr13_97639727,0,1.015481938,2430,6361
OXTR_chr3_8809655,0,3.638309256,301,898
P2RX2_chr12_133195470,0,0,4060,11193
P2RX3_chr11_57106048,0,0,1222,3400
P2RX4_chr12_121648019,0.040683483,0.905562743,2067,5495
P2RX5_chr17_3599248,0,2.390438247,1493,3266
P2RX6_chr22_21377298,0,6.424825175,873,2152
P2RX7_chr12_121598720,0,1.146560319,4279,11002
P2RY1_chr3_152553584,0,0.597686601,1249,2860
P2RY10_chrX_78216446,0,1.427839672,8988,23703
P2RY11_chr19_10224345,0,1.238174736,1956,5278
P2RY12_chr3_151055961,0,0.260078023,317,621
P2RY13_chr3_151046714,0,0.518731988,1002,2637
P2RY14_chr3_150931439,0,0.736738703,369,961
P2RY2_chr11_72945384,0,1.45175064,295,931
P2RY4_chrX_69479037,0.024506801,0.628870433,4340,12014
P2RY6_chr11_72983397,0,0.505453578,2096,5607
PAFAH1B2_chr11_117038250,0,0.247698933,135,367
PALB2_chr16_23614906,0,2.676977989,339,863
PARD3_chr10_35103891,0,0.870496853,4916,14687
PATZ1_chr22_31741560,0,1.75894315,1479,5020
PAX3_chr2_223163264,0.134408602,0.203355363,1009,2288
PAX5_chr9_37033985,0,1.860132356,782,2006
PAX7_chr1_18958105,0,2.70188221,11634,28443
PAX8_chr2_114004421,0.07876083,0.267115156,6199,15618
PBRM1_chr3_52662955,0,0.138121547,2602,7188
PBX1_chr1_164761948,0,1.600648364,517,1538
PCSK7_chr11_117099043,0,1.873804971,583,1735
PDCD1LG2_chr9_5534989,0,0.889547813,809,2036
PDE4DIP_chr1_145075813,0,0.111141984,371,1171
PDGFB_chr22_39627741,0.035720664,1.437899417,8161,20831
PDGFRA_chr4_55124941,0,0.401261106,1386,3759
PDGFRB_chr5_149515290,0,1.026045777,13516,35527
PER1_chr17_8053833,0,1.591895803,1870,5043
PGR_chr11_100999576,0,2.176083051,2912,7467
PHOX2B_chr4_41750573,0,1.514434453,5095,13474
PICALM_chr11_85779715,0,0.210260723,1488,3934
PIK3R1_chr5_67522711,0,0.168833361,4462,11182
PIM1_chr6_37138392,0,0,2441,6588
PKD1_chr16_2159074,0,1.708567244,3809,10108
PKD1L1_chr7_47969099,0,1.162790698,4581,11584
PKD1L2_chr16_81253824,0,0.770538244,3670,9871
PKD1L3_chr16_72020225,0,1.955577016,885,2615
PKD2_chr4_88929141,0,1.492537313,1623,4047
PKD2L1_chr10_102089783,0,1.287483703,930,3599
PLAG1_chr8_57079728,0,0,5599,14396
PML_chr15_74287160,0,0.292463442,2580,6978
POT1_chr7_124503593,0.059049306,2.14117406,904,2534
POU2AF1_chr11_111229584,0,1.59453303,5379,14511
PPARA_chr22_46594327,0,0.622314417,2115,5009
PPARD_chr6_35389605,0,1.371115174,921,2113
PPARG_chr3_12447438,0,1.219512195,9275,26158
PPP2R1A_chr19_52693360,0.034718204,0.887397122,3798,11846
PRCC_chr1_156737584,0.088731145,0.936186473,1209,3717
PRF1_chr10_72360540,0,1.643489254,4205,8194
PRKAR1A_chr17_66511557,0,0,569,1204
PRLHR_chr10_120354468,0,0,2907,8825
PROKR1_chr2_68873135,0,0.842514582,1752,4142
PROKR2_chr20_5294764,0,0.349412792,1764,3953
PSIP1_chr9_15469306,0.996677741,0.234192037,2450,6136
PTAFR_chr1_28477472,0,0.259403372,223,632
PTCH1_chr9_98279035,0.192826841,0.652625334,1979,4445
PTGDR_chr14_52734542,0,1.384730539,3387,9761
PTGDR2_chr11_60620911,0,0.548446069,488,1317
PTGER1_chr19_14585023,0,0.158403295,2269,6749
PTGER2_chr14_52781352,0,0.641857289,2233,5470
PTGER3_chr1_71513164,0.029261156,0.522846101,1666,4674
PTGER4_chr5_40681100,0,0.676669609,8641,21749
PTGFR_chr1_78958817,0,2.795698925,2254,5234
PTGIR_chr19_47127447,0,3.300516462,25,45
PTH1R_chr3_46925053,0,1.026104088,1281,3955
PTH2R_chr2_209271779,0,0.276090558,219,615
PTK7_chr6_43096807,0,0.429281518,385,1175
QRFPR_chr4_122301713,0,0.500517777,830,1543
RABEP1_chr17_5253750,0,0.320718409,3255,10303
RAC1_chr7_6438306,0,0.202880909,301,854
RAF1_chr3_12660084,0,1.465201465,682,771
RAMP1_chr2_238785902,0,0.387241414,2593,6742
RAMP2_chr17_40913286,0,0.116144019,1182,2672
RAMP3_chr7_45216961,0,2.190100745,3326,9846
RANBP17_chr5_170308860,0,1.47497254,2276,6313
RARA_chr17_38510556,0,0.437418464,5457,14645
RARB_chr3_25470344,0,2.016057092,6835,17596
RARG_chr12_53621299,0,1.27474002,5575,13596
RBM15_chr1_110882087,0,3.050580594,552,1395
RECQL4_chr8_145742475,0,3.17590052,4546,12392
REL_chr2_61145355,0,0.601805416,4593,12182
RELT_chr11_73103458,0,1.038310061,792,1811
RET_chr10_43595982,0,1.856187291,1522,4426
RGR_chr10_86008679,0.038491147,1.011302796,1788,5794
RHO_chr3_129247606,0,0.79939094,574,1559
RHOH_chr4_40245503,0,1.283333333,1717,4929
RMI2_chr16_11439335,0.192864031,0.739533718,487,1092
RNF213_chr17_78247058,0,0.519396202,4067,9813
RNF43_chr17_56437540,0,1.575608758,2273,6888
ROR1_chr1_64603121,0,1.966955153,4346,11415
ROR2_chr9_94538058,0,0.339366516,2294,6373
RORA_chr15_61521300,0,0.332471371,4885,13031
RORB_chr9_77245215,0,0.310559006,2365,5605
RORC_chr1_151789251,0,0.856989823,911,2981
ROS1_chr6_117725524,0,0.548245614,112,291
RPN1_chr3_128369537,0,0.217812197,6670,15243
RRH_chr4_110756554,0,0.930990341,7684,17129
RUNX1_chr21_36259379,0,3.276595745,1816,3988
RUNX1T1_chr8_93026815,0,0.614868642,4316,11172
RXFP1_chr4_159520538,0,0.422416221,4095,11960
RXFP2_chr13_32351540,0,0.072992701,10392,23534
RXFP3_chr5_33936856,0,0.944132888,2740,7881
RXFP4_chr1_155911901,0.095238095,0.060642814,2487,6000
RXRA_chr9_137300793,0,1.547987616,3111,7978
RXRB_chr6_33168020,0,0.178944229,2530,6161
RXRG_chr1_165414090,0,0.955414013,5678,14661
RYR1_chr19_38931405,0.027766209,1.566201632,2351,6355
RYR2_chr1_237205826,0.141043724,0.615611918,1966,5304
RYR3_chr15_33765640,0.059844405,0.460286876,8106,24363
S1PR1_chr1_101704599,0,1.441812564,901,2898
S1PR2_chr19_10335434,0,1.730103806,697,1867
S1PR4_chr19_3178999,0,0.219868079,319,912
S1PR5_chr19_10625644,0,0.407228302,3264,8264
SCN10A_chr3_38835447,0,0.120385233,3114,8593
SCN11A_chr3_38991645,0,0.318344608,1776,4700
SCN1B_chr19_35521741,0,0.179137385,524,1789
SCN2A_chr2_166221704,0,1.075072886,1239,3551
SCN2B_chr11_118038940,0,0.265220012,2013,5480
SCN3A_chr2_165997298,0,0.534653465,5521,14087
SCN3B_chr11_123516296,0,0.562689367,3150,8245
SCN4A_chr17_62050136,0.107181136,0.602159468,3010,8075
SCN4B_chr11_118015871,0,1.579520697,1152,3353
SCN8A_chr12_52056710,0,0.936755755,524,1256
SCN9A_chr2_167168076,0,0.840500391,7203,15196
SCNN1A_chr12_6472674,0,1.540216771,1418,4061
SCNN1B_chr16_23364263,0,0.145273425,3342,9342
SCNN1D_chr1_1216629,0,0.974135035,620,1942
SCNN1G_chr16_23197638,0,0.195071869,138,289
SCTR_chr2_120236406,0,0,1895,5003
SDC4_chr20_43976998,0,1.343900758,1337,3929
SDHB_chr1_17380485,0,1.547469678,842,2492
SETBP1_chr18_42281353,0,1.524944456,1201,2513
SF3B1_chr2_198288609,0.073800738,1.730161371,1943,7257
SFPQ_chr1_35658545,0,2.482269504,1896,5488
SLC6A1_chr3_11059017,0,0.585622956,3487,8295
SLC6A11_chr3_10885902,0,0,1931,5050
SLC6A12_chr12_313771,0,0.609849062,3026,6931
SLC6A13_chr12_346430,0,0.12195122,1866,4816
SLC6A14_chrX_115569014,0,0.475624257,749,1836
SLC6A15_chr12_85264297,0,0.243821345,7647,18895
SLC6A16_chr19_49814467,0,1.733361866,2092,5116
SLC6A17_chr1_110716613,0.022197558,0.687521485,789,1753
SLC6A18_chr5_1232380,0,0.616522811,3148,9637
SLC6A19_chr5_1201857,0,0.974756311,1251,2977
SLC6A2_chr16_55690612,0,8.520179372,3229,9740
SLC6A20_chr3_45837874,0,1.270168211,1134,3636
SLC6A3_chr5_1443271,0,0.077609624,1212,2902
SLC6A4_chr17_28545897,0,0,16,0
SLC6A5_chr11_20622907,0,2.867148172,3881,9564
SLC6A6_chr3_14526447,0,0.068657741,4357,9902
SLC6A7_chr5_149574447,0,1.804511278,2710,6011
SLC6A9_chr1_44482748,0,0.392692505,1615,4230
SMAD4_chr18_48575081,0,0.180810029,6664,20491
SMARCA4_chr19_11097007,0,0.182891346,986,2918
SMARCB1_chr22_24133949,0.131291028,1.976478275,2678,6559
SMO_chr7_128829096,0,0,837,2460
SNX29_chr16_12223488,0,0.591531756,1106,3364
SOCS1_chr16_11349149,0,0.396600567,3032,9023
SOX2_chr3_181430188,0,0.227790433,6273,14019
SRGAP3_chr3_9094816,0,1.134780012,9010,20363
SRSF2_chr17_74733150,0.038218995,1.442001838,536,1622
SS18_chr18_23615842,0,1.503221188,4718,12003
SS18L1_chr20_60738542,0,0.964956831,251,446
SSTR1_chr14_38678715,0,0.480054863,895,2913
SSTR2_chr17_71165465,0,0.168491997,926,2577
SSTR3_chr22_37603818,0,0.905730129,177,556
SSTR4_chr20_23016186,0,1.064953353,1790,4569
SSTR5_chr16_1129161,0,0.154450093,1013,2913
STAT3_chr17_40498631,0,0.85447263,2959,7980
STIL_chr1_47775963,0,0.436280138,2234,5857
STK11_chr19_1207016,0,0.823045267,2977,8296
SUFU_chr10_104264000,0,1.924557352,4487,12029
SUZ12_chr17_30315376,0,0.538047656,2285,6122
SYK_chr9_93606362,0,1.807532147,503,1562
TAAR5_chr6_132910674,0.027739251,0.273431566,1079,3212
TAAR6_chr6_132891497,0,0.977198697,571,1765
TAAR8_chr6_132873918,0,1.242236025,362,1317
TAAR9_chr6_132859917,0,0,2398,5023
TACR1_chr2_75347709,0,0.129150299,5233,14147
TACR2_chr10_71175918,0,2.447791852,451,1397
TACR3_chr4_104640749,0,0.689452838,2443,5907
TAL1_chr1_47691449,0,0.277171174,3012,8749
TAL2_chr9_108424894,0.063734863,0.209687566,886,2374
TAS1R3_chr1_1267079,0.171624714,0.872377965,2075,5410
TAS2R13_chr12_11061744,0,0.198019802,4689,11362
TAS2R14_chr12_11091669,0,0.243973846,5565,15539
TAS2R16_chr7_122635018,0,3.03320007,1230,3745
TAS2R3_chr7_141464836,0,1.092384519,1518,4355
TAS2R31_chr12_11183387,0,0.235048315,178,486
TAS2R38_chr7_141672666,0,1.173512154,447,1299
TAS2R4_chr7_141478946,0,0.72666294,548,1301
TAS2R40_chr7_142919330,0,1.506024096,8387,21853
TAS2R41_chr7_143175826,0,3.812199037,10815,26332
TAS2R5_chr7_141490479,0,0.378722672,538,2149
TAS2R60_chr7_143140620,0,0.714858852,724,2415
TBXA2R_chr19_3600608,0,0.507356672,137,398
TCF12_chr15_57212118,0,0.837489993,6685,18583
TCF3_chr19_1627389,0,0,5321,11684
TCL1A_chr14_96180347,0.022514916,0.683752943,2485,6817
TEK_chr9_27185517,0.365965233,1.182197497,4455,11906
TERT_chr5_1295044,0.037502344,1.25178363,3138,9538
TET1_chr10_70332455,0.157977883,0.785797439,3496,10202
TFE3_chrX_48900726,0,1.340275769,752,2020
TFEB_chr6_41652435,0,0.552791598,3940,10247
TFG_chr3_100463687,0.033624748,0.999250562,4388,11506
TFRC_chr3_195802176,0.171232877,0.854700855,2337,6408
TGFBR1_chr9_101891274,0,0.243013366,1697,3829
TGFBR2_chr3_30648447,0,0.203735144,454,1193
THRA_chr17_38240863,0,0.445009536,2618,7156
THRAP3_chr1_36748259,0,0.997280145,356,996
THRB_chr3_24185031,0,0.458715596,1010,2492
TIE1_chr1_43770664,0.060422961,1.286746511,2068,5809
TLX1_chr10_102891335,0,1.901639344,5410,13709
TLX3_chr5_170736480,0,0,2152,5913
TNFAIP3_chr6_138192631,0,0.167566561,6287,16239
TNFRSF10A_chr8_23082431,0,2.150181938,235,772
TNFRSF10B_chr8_22926380,0,3.16595494,8883,22084
TNFRSF10D_chr8_23021399,0,0.464135021,1093,2876
TNFRSF11A_chr18_60021724,0,0.544348383,5333,15418
TNFRSF11B_chr8_119945249,0,0.577921442,1266,3436
TNFRSF12A_chr16_3071250,0,0.475446138,3810,10371
TNFRSF13B_chr17_16852262,0,2.672939164,5638,16281
TNFRSF17_chr16_12061495,0.082712986,0.964105607,5948,16012
TNFRSF18_chr1_1141903,0,1.391001956,1168,3393
TNFRSF19_chr13_24233205,0,2.891933029,412,1646
TNFRSF1A_chr12_6443364,0,0,1175,2945
TNFRSF1B_chr1_12248855,0,1.149425287,1121,3146
TNFRSF21_chr6_47254032,0,0.156801254,402,1103
TNFRSF25_chr1_6524721,0,0.440871369,2642,7848
TNFRSF4_chr1_1149385,0.072992701,2.499440424,3310,10103
TNFRSF6B_chr20_62328517,0,1.19760479,2542,6100
TNFRSF8_chr1_12123691,0,0.249193785,1143,2588
TOP1_chr20_39729897,0,0.472334683,2244,5371
TP53_chr17_7579881,0.016893319,1.135355686,1213,3023
TPM4_chr19_16187441,0,1.865008881,2747,6791
TPR_chr1_186344048,0,0.723362659,811,2370
TRAF7_chr16_2220640,0,1.40609307,4580,12492
TRIM24_chr7_138145624,0,0.618142482,7001,20418
TRIM27_chr6_28891312,0,0.77163329,5818,15354
TRIM33_chr1_115053492,0.188146754,0.261703984,4082,9353
TRPC1_chr3_142443407,0.136239782,0.473148805,2418,6742
TRPC3_chr4_122854095,0,1.730702665,1931,4601
TRPC4_chr13_38320136,0,0.68591026,324,657
TRPC5_chrX_111195330,0,0.763594292,2082,5834
TRPC6_chr11_101375480,0.09718173,1.272727273,553,1479
TRPM1_chr15_31453133,0,4.427164334,860,2551
TRPM2_chr21_45773675,0,0.845873906,4437,11568
TRPM3_chr9_73457971,0,0.25016315,5480,13403
TRPM4_chr19_49669405,0,5.170278638,354,1002
TRPM5_chr11_2443527,0.028789405,1.499339498,2503,6822
TRPM6_chr9_77457236,0,1.713964597,566,1482
TRPM7_chr15_50940922,0,1.961745954,11839,28185
TRPV1_chr17_3495464,0,0.776887594,331,1126
TRPV2_chr17_16321123,0,0.22756827,1373,5115
TRPV3_chr17_3438964,0,0.472944184,1861,5974
TRPV4_chr12_110252336,0,0.431732326,4818,12942
TRPV5_chr7_142622679,0,0.80032834,4463,10886
TRPV6_chr7_142573367,0,1.97486535,1063,3439
TSC1_chr9_135797337,0,1.265508685,1468,4227
TSC2_chr16_2100417,0,0,2052,5778
TSHR_chr14_81422166,0,1.698337907,4346,10497
TTL_chr2_113239929,0.146412884,3.174603175,3890,12965
USP6_chr17_5040458,0,0.363431835,2058,4400
UTS2R_chr17_80332663,0,0.729442971,3760,9645
VDR_chr12_48258852,0,0.211789622,3750,10167
VHL_chr3_10183729,0.037579857,3.18224154,3123,9194
VIPR1_chr3_42567380,0.048169557,1.88771518,6441,16150
VIPR2_chr7_158902550,0,0.277777778,6947,15140
VN1R5_chr1_247419912,0,1.563633965,1367,3559
VTI1A_chr10_114207139,0,1.03784129,1711,4078
WAS_chrX_48545229,0,1.783036161,3172,8238
WHSC1_chr4_1902487,0.048689443,2.528506185,4589,12304
WHSC1L1_chr8_38173509,0,0.19357961,8744,23470
WIF1_chr12_65514839,0,0.662251656,1535,3706
WT1_chr11_32456836,0,0.184635145,3650,9746
WWTR1_chr3_149375018,0,1.286067601,1159,2785
XCR1_chr3_46063049,0,0.803998262,1294,4030
XPA_chr9_100459520,0,0.767946578,168,526
XPO1_chr2_61722705,0,0,8334,19313
ZBTB16_chr11_113934463,0,1.297648013,1366,4536
ZMYM2_chr13_20660031,0,1.734104046,9255,23113
ZNF331_chr19_54074874,0,0,5995,15080
ZNF384_chr12_6788148,0,1.327250104,2673,8499
ZNF521_chr18_22930880,0,0.254175744,5322,12884
CHRNA7_chr15_32322835,0,0,4152,10224
CLTC_chr17_57724856,0,0.578034682,405,1440
DNMT3A_chr2_25505556,0,2.307692308,6176,15157
ERCC5_chr13_103510643,0,0,2595,6263
FSHR_chr2_49210072,0,0,2398,6001
GABRA5_chr15_27126084,0,0,12323,33063
HEY1_chr8_80679301,0,1.253918495,2260,6199
IL1R1_chr2_102781663,0,0,1809,4530
KCNA6_chr12_4919213,0,2.43902439,4353,12457
MAS1_chr6_160328055,0,0,2570,6065
MNX1_chr7_156803012,0,0,1594,4602
OR11L1_chr1_248005069,0,0,1079,2995
OR52W1_chr11_6221026,0,11.74863388,378,990
OR56B1_chr11_5758157,0,0,1612,3699
OR5P2_chr11_7818460,0,0,919,1730
PRDM16_chr1_3102707,0,0,241,736
RB1_chr13_48936965,0,1.030927835,928,2411
SDHAF2_chr11_61205524,0,0,846,2754